﻿<?xml version="1.0" encoding="utf-8" ?>
<Devices>
	<dev SrNo="Abc0000000011">
		<Address>192.168.102.100</Address>
		<Modelname>bbz ci01</Modelname>
		<devName>Poseidon</devName>
		<type>A3</type>
		<commSetting>
			<portNo>161</portNo>
			<useSSl>false</useSSl>
			<password>dqf000000#@!</password>
		</commSetting>
	</dev>
	<dev SrNo="Abc00000013">
		<Address>192.168.102.101</Address>
		<Modelname>bbz ci02</Modelname>
		<devName>Poseidon</devName>
		<type>A3</type>
		<commSetting>
			<portNo>161</portNo>
			<useSSl>false</useSSl>
			<password>dqf000000#@!</password>
		</commSetting>
	</dev>
	<dev SrNo="Abc00000012">
		<Address>192.168.102.102</Address>
		<Modelname>bbz ci02</Modelname>
		<devName>Poseidon</devName>
		<type>A3</type>
		<commSetting>
			<portNo>161</portNo>
			<useSSl>false</useSSl>
			<password>dqf000000#@!</password>
		</commSetting>
	</dev>
</Devices>
